{"cameraMode":{"drawMode":0,"name":"Shaded","section":"Shading Mode"},"sceneLighting":true,"audioPlay":false,"sceneViewState":{"m_AlwaysRefresh":true,"showFog":true,"showSkybox":true,"showFlares":true,"showImageEffects":true,"showParticleSystems":true,"showVisualEffectGraphs":true,"m_FxEnabled":true},"in2DMode":false,"pivot":{"x":-44.25540542602539,"y":3.702742099761963,"z":68.41996765136719},"rotation":{"x":-0.004190419334918261,"y":0.0014951527118682862,"z":0.0000060144802773720589,"w":0.9999966621398926},"size":120.32048034667969,"orthographic":false}